ts,url,title
2026-05-10 08:25:11,https://benefits.portal,Page
2026-05-10 08:19:11,https://benefits.portal,Page
2026-05-11 09:17:11,https://news.example,Page
2026-05-13 08:38:11,https://benefits.portal,Page
2026-05-18 08:58:11,https://benefits.portal,Page
2026-05-14 08:41:11,https://intranet.embervault.com,Page
2026-05-10 09:30:11,https://youtube.com,Page
2026-05-13 09:27:11,https://news.example,Page
2026-05-13 09:32:11,https://intranet.embervault.com,Page
2026-05-17 08:14:11,https://intranet.embervault.com,Page
2026-05-15 08:53:11,https://news.example,Page
2026-05-15 08:44:11,https://benefits.portal,Page